Company,Position,Location,URL
 Commit , Senior Full Stack Software Developer ,🇨🇦 Canada,https://remoteok.com/remote-jobs/remote-jobs/remote-senior-full-stack-software-developer-commit-145669,
 Mulligan Funding , Software Engineer ,San Diego  CA,https://remoteok.com/remote-jobs/remote-jobs/remote-software-engineer-mulligan-funding-146013,
 PagerDuty , Senior Software Engineer Platform ,🇺🇸 United States,https://remoteok.com/remote-jobs/remote-jobs/remote-senior-software-engineer-platform-pagerduty-145649,
 Pure Storage , Knowledge Architect ,🇺🇸 United States,https://remoteok.com/remote-jobs/remote-jobs/remote-knowledge-architect-pure-storage-145648,
 ExtraHop , Principal UX Designer ,🇺🇸 United States,https://remoteok.com/remote-jobs/remote-jobs/remote-principal-ux-designer-extrahop-145647,
 hims & hers , Product Manager ,🇺🇸 United States,https://remoteok.com/remote-jobs/remote-jobs/remote-product-manager-hims-hers-145646,
 Amwell , Senior Business Intelligence Developer ,🇺🇸 United States,https://remoteok.com/remote-jobs/remote-jobs/remote-senior-business-intelligence-developer-amwell-145645,
 BambooHR , Software Engineer Front End ,🇺🇸 United States,https://remoteok.com/remote-jobs/remote-jobs/remote-software-engineer-front-end-bamboohr-145644,
 Planet , Senior Mechanical Engineer ,🇺🇸 United States,https://remoteok.com/remote-jobs/remote-jobs/remote-senior-mechanical-engineer-planet-145643,
 Swissborg , Senior QA Engineer ,Remote - Europe Timezone,https://remoteok.com/remote-jobs/remote-jobs/remote-senior-qa-engineer-swissborg-145482,
 Re7 , Quantitative Strategist DeFi ,🇬🇧 United Kingdom,https://remoteok.com/remote-jobs/remote-jobs/remote-quantitative-strategist-defi-re7-145483,
 Brave , Senior Machine Learning Engineer ,Worldwide,https://remoteok.com/remote-jobs/remote-jobs/remote-senior-machine-learning-engineer-brave-144536,
 Pure Storage , Alerts Program Manager ,🇺🇸 United States,https://remoteok.com/remote-jobs/remote-jobs/remote-alerts-program-manager-pure-storage-144202,
 Amwell , Senior Systems Engineer ,🇺🇸 United States,https://remoteok.com/remote-jobs/remote-jobs/remote-senior-systems-engineer-amwell-144201,
 BambooHR , SMB Sales Director Inside Sales ,🇺🇸 United States,https://remoteok.com/remote-jobs/remote-jobs/remote-smb-sales-director-inside-sales-bamboohr-144200,
 PagerDuty , Software Engineer 2 App Foundations ,🇨🇦 Canada,https://remoteok.com/remote-jobs/remote-jobs/remote-software-engineer-2-app-foundations-pagerduty-144199,
 Acquia , Key Account Manager ,🇫🇷 France,https://remoteok.com/remote-jobs/remote-jobs/remote-key-account-manager-acquia-144198,
 Gusto , Senior Product Designer Design Systems ,🇺🇸 United States,https://remoteok.com/remote-jobs/remote-jobs/remote-senior-product-designer-design-systems-gusto-144196,
 Planet , Professional Services Solutions Architect ,🇺🇸 United States,https://remoteok.com/remote-jobs/remote-jobs/remote-professional-services-solutions-architect-planet-144195,
 Tradeblock , Senior Backend Engineer ,🇺🇸 United States,https://remoteok.com/remote-jobs/remote-jobs/remote-senior-backend-engineer-tradeblock-143784,
OpenCraft,Senior Open Source Developer & DevOps (Python  Django  React  AWS/OpenStack),Anywhere in the World,https://weworkremotely.com/remote-jobs/opencraft-senior-open-source-developer-devops-python-django-react-aws-openstack,
Solar Monkey,Sr Python Developer,Europe Only,https://weworkremotely.com/remote-jobs/solar-monkey-sr-python-developer,
Proxify AB,Senior Python Engineer: Long-term job - 100% remote,Anywhere in the World,https://weworkremotely.com/remote-jobs/proxify-ab-senior-python-engineer-long-term-job-100-remote,
Optimile,(Senior) Python Full Stack Software Developer,Europe Only,https://weworkremotely.com/remote-jobs/optimile-senior-python-full-stack-software-developer,
Jack's Flight Club,Python & JavaScript Full Stack Developer at Jack's Flight Club,Europe Only,https://weworkremotely.com/remote-jobs/jack-s-flight-club-python-javascript-full-stack-developer-at-jack-s-flight-club,
SystemOne  LLC,NodeJS and Python Software Engineer (REMOTE),Anywhere in the World,https://weworkremotely.com/remote-jobs/systemone-llc-nodejs-and-python-software-engineer-remote,
AssemblyAI (YC 17),Senior Software Engineer  Python,Anywhere in the World,https://weworkremotely.com/remote-jobs/assemblyai-yc-17-senior-software-engineer-python,
Ebury,Senior Python Developer - Full Remote ,Latin America Only/Europe Only,https://weworkremotely.com/remote-jobs/ebury-senior-python-developer-full-remote-1,
UpStack Technologies  Inc.,Python Developer - Remote,Americas Only/Europe Only,https://weworkremotely.com/remote-jobs/upstack-technologies-inc-python-developer-remote,
Lemon.io,Python Developer,Latin America Only/Europe Only/Canada Only,https://weworkremotely.com/remote-jobs/lemon-io-python-developer-2,
TestGorilla,Senior Backend Engineer (Python),Anywhere in the World,https://weworkremotely.com/remote-jobs/testgorilla-senior-backend-engineer-python-8,
Flightradar24,C++ / Python Developer,EMEA Only,https://weworkremotely.com/remote-jobs/flightradar24-cpp-python-developer-1,
EventMobi,Senior Back End Developer (Python) - Remote,Anywhere in the World,https://weworkremotely.com/remote-jobs/eventmobi-senior-back-end-developer-python-remote-1,
Dewaele Real Estate Group,PYTHON SOFTWARE DEVELOPER,Anywhere in the World,https://weworkremotely.com/remote-jobs/dewaele-real-estate-group-python-software-developer-1,
Doximity,Python Platform Engineer,Americas Only,https://weworkremotely.com/remote-jobs/doximity-python-platform-engineer,
XM,Senior QA Software Test Automation Engineer – Python – Cyprus  Greece  Remote ,Anywhere in the World,https://weworkremotely.com/remote-jobs/xm-senior-qa-software-test-automation-engineer-python-cyprus-greece-remote-2,
XM,Software Development Engineer in Test – Python – Cyprus  Greece or Remote ,Anywhere in the World,https://weworkremotely.com/remote-jobs/xm-software-development-engineer-in-test-python-cyprus-greece-or-remote-2,
